{"issue894.p4": {"success": true, "elapsed-ms": 5859.570503234863}, "07-MultiProtocol.p4": {"success": true, "elapsed-ms": 7040.742874145508}, "arp.p4": {"success": false, "elapsed-ms": 281.552791595459}, "netchain_16.p4": {"success": true, "elapsed-ms": 10998.229265213013}, "ecmp_2.p4": {"success": false, "elapsed-ms": 1839.7655487060547}, "linearroad_16.p4": {"success": true, "elapsed-ms": 21374.90725517273}, "flowlet.p4": {"success": true, "elapsed-ms": 5999.245166778564}, "heavy_hitter_1.p4": {"success": true, "elapsed-ms": 4949.164628982544}, "heavy_hitter_2.p4": {"success": true, "elapsed-ms": 5662.346601486206}, "netpaxos_acceptor_16.p4": {"success": true, "elapsed-ms": 5745.764493942261}, "ndp_router_16.p4": {"success": true, "elapsed-ms": 6008.535861968994}, "mc_nat_16.p4": {"success": true, "elapsed-ms": 4442.099332809448}, "hula.p4": {"success": true, "elapsed-ms": 8197.679996490479}, "flowlet_switching.p4": {"success": false, "elapsed-ms": 133.39781761169434}, "netchain.p4": {"success": true, "elapsed-ms": 11033.949375152588}, "simple_nat.p4": {"success": false, "elapsed-ms": 7526.7980098724365}, "ts_switching_16.p4": {"success": true, "elapsed-ms": 4293.884754180908}, "switch.p4": {"success": false, "elapsed-ms": 133.99600982666016}}