{"issue894.p4": {"success": true, "elapsed-ms": 5856.762170791626}, "07-MultiProtocol.p4": {"success": true, "elapsed-ms": 7062.796115875244}, "arp.p4": {"success": false, "elapsed-ms": 282.0744514465332}, "netchain_16.p4": {"success": true, "elapsed-ms": 11100.804805755615}, "ecmp_2.p4": {"success": false, "elapsed-ms": 1852.9059886932373}, "switch_16a.p4": {"success": false, "elapsed-ms": 3038.092613220215}, "switch_16.p4": {"success": false, "elapsed-ms": 22380.89871406555}, "linearroad_16.p4": {"success": true, "elapsed-ms": 21550.072193145752}, "flowlet.p4": {"success": true, "elapsed-ms": 6085.03794670105}, "heavy_hitter_1.p4": {"success": true, "elapsed-ms": 4984.023571014404}, "heavy_hitter_2.p4": {"success": true, "elapsed-ms": 5728.407382965088}, "netpaxos_acceptor_16.p4": {"success": true, "elapsed-ms": 5845.4108238220215}, "ndp_router_16.p4": {"success": true, "elapsed-ms": 6088.120937347412}, "mc_nat_16.p4": {"success": true, "elapsed-ms": 4500.591039657593}, "hula.p4": {"success": true, "elapsed-ms": 8346.572637557983}, "flowlet_switching.p4": {"success": true, "elapsed-ms": 6237.874746322632}, "netchain.p4": {"success": true, "elapsed-ms": 11184.032201766968}, "simple_nat.p4": {"success": true, "elapsed-ms": 7625.526428222656}, "ts_switching_16.p4": {"success": true, "elapsed-ms": 4354.377508163452}}